timestamp,btc_price_inr,value_inr,profit_percent
2025-04-10 17:23:02,7045923,4879.617022750095,-2.4076595449980958
2025-04-10 17:26:56,7042163,4877.013054468644,30
2025-04-10 17:28:12,7042810,4877.461130925586,30
2025-04-10 17:30:22,7043475,4877.92167318813,30
2025-04-10 17:35:34,7043255,4877.769313341874,-2.444613733162514
2025-04-11 16:41:26,7120230,4931.077945912254,-1.3784410817549178
2025-04-11 17:41:41,7064133,4892.22826275148,-2.155434744970407
2025-04-16 12:06:28,7196534,4983.921880951556,-0.32156238096888046
2025-04-16 12:23:52,7202399,4987.983655943765,-0.2403268811246926
2025-04-16 13:04:36,7175980,4969.687316042799,-0.6062536791440288
2025-04-16 13:36:54,7180524,4972.834239412722,-0.5433152117455575
2025-04-16 13:50:30,7189332,4978.93417362097,-0.4213165275806023
2025-04-16 14:12:24,7178793,4971.635444440597,-0.5672911111880603
2025-04-16 14:35:38,7178871,4971.689462931541,-0.5662107413691774
2025-04-16 14:48:59,7219671,4999.945288964299,-0.0010942207140215033
2025-04-16 15:01:24,7241446,5015.025451019772,0.3005090203954387
2025-04-16 15:30:22,7283418,5044.092939506215,0.8818587901242971
2025-04-16 15:46:15,7274687,5038.046331244156,0.7609266248831227
2025-04-16 15:57:44,7265640,5031.780878839295,0.6356175767858986
2025-04-16 16:32:58,7267240,5032.888950448422,0.6577790089684459
2025-04-16 16:52:56,7271667,5035.954846081928,0.7190969216385565
2025-04-16 17:14:21,7291073,5049.3943696111355,0.9878873922227104
2025-04-16 17:33:30,7297224,5053.654212403476,1.0730842480695173
2025-04-16 17:45:28,7251443,5021.948820942553,0.4389764188510526
2025-04-16 17:57:23,7172905,4967.557740919006,-0.6488451816198721
2025-04-16 18:35:47,7215370,4996.966653970013,-0.060666920599742304
2025-04-16 18:52:31,7176894,4970.320301949513,-0.5935939610097376
2025-04-16 19:11:40,7193019,4981.487586135254,-0.37024827729492243
2025-04-16 19:26:28,7187483,4977.653658367672,-0.44692683264656813
2025-04-16 19:39:27,7187462,4977.6391149278015,-0.44721770144396944
2025-04-16 19:51:09,7206509,4990.8300148897115,-0.18339970220577015
2025-04-16 20:14:22,7224233,5003.1046781398245,0.06209356279649
2025-04-16 20:35:20,7238052,5012.674954118909,0.2534990823781845
2025-04-16 20:47:59,7227426,5005.31597354479,0.10631947089579626
2025-04-16 20:59:35,7221457,5001.182173897988,0.023643477959758456
2025-04-16 21:25:30,7239134,5013.4242875445825,0.2684857508916502
2025-04-16 21:40:30,7235585,5010.966446206586,0.21932892413171431
2025-04-16 21:52:27,7238501,5012.985906714221,0.25971813428441237
2025-04-16 22:14:37,7231835,5008.369403372692,0.16738806745384863
2025-04-16 22:37:37,7221269,5001.051975483915,0.021039509678303148
2025-04-16 22:49:43,7230041,5007.126978080958,0.14253956161915993
2025-04-16 23:09:11,7224159,5003.053429827903,0.06106859655805238
2025-04-16 23:28:19,7215730,4997.215970082066,-0.055680598358685524
2025-04-16 23:43:28,7206161,4990.589009314726,-0.18821981370547292
2025-04-16 23:55:35,7201635,4987.454551750407,-0.2509089649918678
2025-04-17 01:48:12,7219179,4999.604556944492,-0.007908861110154248
2025-04-17 02:57:51,7205572,4990.181100453617,-0.19637799092766728
2025-04-17 03:38:35,7174225,4968.471899996537,-0.6305620000692579
2025-04-17 03:55:31,7182836,4974.435402887912,-0.511291942241769
2025-04-17 04:26:32,7180850,4973.060009003081,-0.5387998199383764
2025-04-17 04:46:22,7187036,4977.344090861871,-0.4531181827625732
2025-04-17 04:58:21,7195163,4982.972402091485,-0.3405519581703083
2025-04-17 05:26:58,7209114,4992.634093978323,-0.14731812043353784
2025-04-17 05:43:25,7221256,5001.042972402091,0.020859448041828727
2025-04-17 05:55:27,7226107,5004.402507012015,0.08805014024030242
2025-04-17 06:31:23,7232034,5008.507219779078,0.17014439558155572
2025-04-17 06:51:01,7249678,5020.726479448734,0.414529588974674
2025-04-17 07:13:13,7246552,5018.561584542401,0.37123169084801705
2025-04-17 07:31:55,7259821,5027.750960905848,0.5550192181169586
2025-04-17 07:45:00,7256668,5025.567367291111,0.5113473458222143
2025-04-17 07:57:01,7246118,5018.261020118425,0.36522040236850445
2025-04-17 08:33:13,7231871,5008.394334983898,0.16788669967796524
2025-04-17 08:52:01,7225323,5003.859551923542,0.07719103847084625
2025-04-17 09:16:02,7216727,4997.906437203504,-0.04187125592992743
2025-04-17 09:35:39,7213001,4995.326015443748,-0.09347969112504871
2025-04-17 09:47:18,7214107,4996.091969943557,-0.0781606011288568
2025-04-17 09:58:58,7210226,4993.404203746667,-0.13191592506665983
2025-04-17 10:30:12,7196947,4984.207901935662,-0.315841961286751
2025-04-17 10:46:57,7199181,4985.755046919907,-0.2848990616018636
2025-04-17 10:58:51,7201323,4987.238477786626,-0.2552304442674722
2025-04-17 11:21:27,7202416,4987.995429204612,-0.24009141590775473
2025-04-17 11:34:57,7209072,4992.605007098583,-0.14789985802834055
2025-04-17 11:46:45,7221848,5001.452958897468,0.029059177949366133
2025-04-17 11:58:37,7226040,5004.356106513383,0.08712213026765313
2025-04-17 12:52:27,7238166,5012.75390422106,0.2550780844212022
2025-04-17 13:24:51,7227411,5005.305585373454,0.10611170746908101
2025-04-17 13:44:18,7216166,4997.517919595553,-0.049641608088932115
2025-04-17 13:55:54,7219754,5000.002770179022,5.5403580445272384e-05
2025-04-17 14:21:48,7185833,4976.510959520759,-0.4697808095848268
2025-04-17 14:40:37,7166696,4963.257730530835,-0.7348453893832994
2025-04-17 14:52:42,7186512,4976.981197409882,-0.46037605180235913
2025-04-17 15:16:49,7216222,4997.556702101873,-0.04886595796253459
2025-04-17 15:35:56,7217737,4998.605907406766,-0.027881851864676722
2025-04-17 15:47:57,7224247,5003.114373766404,0.06228747532808483
2025-04-17 15:59:34,7218449,4999.098999272827,-0.018020014543453727
2025-04-17 16:32:54,7245281,5017.6813601579,0.3536272031579938
2025-04-17 16:52:29,7244979,5017.472211641677,0.349444232833539
2025-04-17 17:13:29,7258074,5026.541085217632,0.5308217043526383
2025-04-17 17:33:54,7262894,5029.879150940129,0.5975830188025794
2025-04-17 17:45:49,7264956,5031.307178226392,0.626143564527847
2025-04-17 17:57:43,7271985,5036.175075314241,0.7235015062848288
2025-04-17 18:34:47,7285320,5045.410159631566,0.9082031926313174
2025-04-17 18:51:33,7275711,5038.755497073998,0.7751099414799683
2025-04-17 19:10:54,7264156,5030.753142421829,0.6150628484365734
2025-04-17 19:25:36,7242513,5015.764396274109,0.315287925482171
2025-04-17 19:39:07,7230560,5007.486408809169,0.14972817618338014
2025-04-17 19:50:52,7234780,5010.408947678244,0.20817895356487498
2025-04-17 20:13:13,7257257,5025.975276152221,0.5195055230444269
2025-04-17 20:33:15,7260784,5028.417881505592,0.5683576301118409
2025-04-17 20:46:12,7250010,5020.956404307628,0.41912808615255925
2025-04-17 20:57:56,7265872,5031.941549222618,0.638830984452361
2025-04-17 21:24:22,7256154,5025.211399286679,0.504227985733578
2025-04-17 21:38:14,7253158,5023.136535198587,0.46273070397173793
2025-04-17 21:50:05,7255939,5025.062502164202,0.5012500432840352
2025-04-17 22:09:35,7256656,5025.559056754042,0.5111811350808421
2025-04-17 22:32:32,7258635,5026.929602825582,0.538592056511643
2025-04-17 22:45:13,7251777,5022.180130890958,0.4436026178191605
2025-04-17 22:57:17,7243005,5016.105128293915,0.32210256587830377
2025-04-17 23:23:42,7249644,5020.70293292704,0.41405865854079826
2025-04-17 23:38:26,7256915,5025.73842584577,0.514768516915392
2025-04-17 23:50:35,7250960,5021.614321825547,0.43228643651094895
2025-04-18 00:53:55,7240981,5014.703417708369,0.2940683541673752
2025-04-18 02:24:42,7245743,5018.001315835036,0.3600263167007142
2025-04-18 03:20:51,7242128,5015.4977665431625,0.3099553308632494
2025-04-18 03:47:09,7242462,5015.729076491568,0.31458152983135734
2025-04-18 03:59:06,7242159,5015.519235430589,0.31038470861178213
2025-04-18 04:30:24,7228368,5005.968350704664,0.11936701409327725
2025-04-18 04:49:15,7229234,5006.568094463104,0.13136188926207978
2025-04-18 05:09:01,7227578,5005.421240347657,0.10842480695313497
2025-04-18 05:32:39,7221681,5001.337303923266,0.026746078465312167
2025-04-18 05:45:08,7227054,5005.0583468956675,0.1011669379133491
2025-04-18 05:56:45,7230082,5007.155372415942,0.1431074483188422
2025-04-18 06:34:54,7228337,5005.946881817237,0.11893763634474454
2025-04-18 06:51:57,7228066,5005.759202188441,0.11518404376882245
2025-04-18 07:14:07,7227853,5005.611690155476,0.11223380310952052
2025-04-18 07:31:58,7216606,4997.822639288063,-0.04354721423873343
2025-04-18 07:43:48,7221066,5000.9113888985075,0.018227777970150783
2025-04-18 07:55:51,7225097,5003.7030368087535,0.0740607361750699
2025-04-18 08:29:17,7234622,5010.299525606842,0.20599051213683198
2025-04-18 08:48:12,7234339,5010.103535440978,0.20207070881955586
2025-04-18 08:59:57,7227688,5005.4974202707845,0.1099484054156892
2025-04-18 09:28:35,7223712,5002.743862322102,0.05487724644204718
2025-04-18 09:43:22,7220096,5000.239620485473,0.0047924097094619355
2025-04-18 09:55:04,7220972,5000.846289691471,0.016925793829414032
2025-04-18 10:23:28,7221949,5001.522905917795,0.0304581183558912
2025-04-18 10:44:28,7219430,4999.778385678174,-0.004432286436513095
2025-04-18 10:56:21,7218135,4998.881540219536,-0.022369195609280725
2025-04-18 11:19:16,7220679,5000.643374078049,0.01286748156098838
2025-04-18 11:31:15,7216372,4997.660583815229,-0.04678832369541851
2025-04-18 11:43:16,7219469,4999.805394923646,-0.003892101527071645
2025-04-18 11:54:56,7221602,5001.2825928875645,0.025651857751290665
2025-04-18 12:39:46,7232395,5008.757228435888,0.1751445687177511
2025-04-18 13:13:34,7220215,5000.322033311402,0.006440666228045302
2025-04-18 13:36:48,7218434,4999.0886111014925,-0.018227777970150783
2025-04-18 13:48:48,7215684,4997.184113023303,-0.05631773953393349
2025-04-18 14:00:29,7220543,5000.549187991273,0.010983759825467131
2025-04-18 14:26:53,7213094,4995.390422106028,-0.09219155787943237
2025-04-18 14:43:15,7215471,4997.036600990338,-0.05926798019323542
2025-04-18 14:55:12,7217121,4998.179299837251,-0.03641400325497671
2025-04-18 15:21:24,7214804,4996.5746736382835,-0.06850652723433086
2025-04-18 15:37:42,7206035,4990.501748675508,-0.1899650264898446
2025-04-18 15:49:23,7206535,4990.84802105336,-0.18303957893280312
2025-04-18 16:10:44,7208748,4992.380622597735,-0.15238754804529892
2025-04-18 16:37:45,7215291,4996.911942934312,-0.061761141313763805
2025-04-18 16:52:44,7210453,4993.561411406212,-0.12877177187576308
2025-04-18 17:13:54,7213009,4995.331555801793,-0.09336888396413998
2025-04-18 17:32:48,7208027,4991.8812978288715,-0.16237404342256923
2025-04-18 17:44:22,7216033,4997.4258111430445,-0.05148377713911032
2025-04-18 17:56:04,7217763,4998.6239135704145,-0.027521728591709687
2025-04-18 18:31:25,7222765,5002.08802243845,0.04176044876900051
2025-04-18 18:48:46,7224096,5003.009799508292,0.06019599016584835
2025-04-18 19:00:22,7223920,5002.887911631289,0.05775823262578342
2025-04-18 19:21:06,7222942,5002.210602860209,0.04421205720418584
2025-04-18 19:34:59,7221951,5001.524291007306,0.030485820146113837
2025-04-18 19:46:45,7219436,4999.782540946709,-0.004349181065826997
2025-04-18 19:58:36,7216347,4997.643270196336,-0.04713459607328332
2025-04-18 20:26:51,7217178,4998.218774888327,-0.035624502233458775
2025-04-18 20:42:10,7214779,4996.557360019391,-0.06885279961217748
2025-04-18 20:54:01,7214396,4996.292115377956,-0.07415769244087642
2025-04-18 21:16:58,7214830,4996.592679801932,-0.06814640396136383
2025-04-18 21:32:11,7216000,4997.402957166107,-0.05194085667786566
2025-04-18 21:43:43,7221924,5001.505592298902,0.03011184597804458
2025-04-18 21:55:30,7221838,5001.446033449912,0.02892066899823476
2025-04-18 22:21:41,7212496,4994.976280342116,-0.10047439315767406
2025-04-18 22:40:15,7213989,4996.010249662384,-0.07979500675231975
2025-04-18 22:52:09,7214750,4996.537276221476,-0.06925447557048756
2025-04-18 23:13:34,7208641,4992.3065203088745,-0.1538695938225101
2025-04-18 23:30:57,7205905,4990.411717857266,-0.19176564285467976
2025-04-18 23:43:00,7208163,4991.975483915648,-0.160490321687048
2025-04-18 23:54:55,7208834,4992.440181446726,-0.15119637106548905
2025-04-19 01:38:15,7218417,4999.076837840645,-0.018463243187106855
2025-04-19 02:47:34,7229536,5006.777242979327,0.1355448595865346
2025-04-19 03:21:03,7245757,5018.011011461615,0.36022022923230906
2025-04-19 03:45:47,7241043,5014.746355483223,0.29492710966445884
2025-04-19 03:57:28,7247104,5018.94386924755,0.37887738495099255
2025-04-19 04:29:05,7254120,5023.802763253575,0.47605526507149987
2025-04-19 04:45:32,7272455,5036.500571349423,0.730011426988458
2025-04-19 04:57:00,7262236,5029.423456490876,0.5884691298175131
2025-04-19 05:24:50,7265111,5031.414522663526,0.6282904532705289
2025-04-19 05:41:19,7267658,5033.178434156307,0.6635686831261409
2025-04-19 05:53:06,7266168,5032.1465424703065,0.6429308494061297
2025-04-19 06:44:06,7251654,5022.094947886007,0.4418989577201319
2025-04-19 06:55:41,7250524,5021.312372312061,0.42624744624121375
2025-04-19 07:19:06,7254288,5023.919110772534,0.4783822154506743
2025-04-19 07:30:49,7268391,5033.686069462238,0.6737213892447653
2025-04-19 07:42:34,7271620,5035.922296478409,0.7184459295681882
2025-04-19 07:54:13,7273411,5037.162644135877,0.7432528827175338
2025-04-19 08:21:57,7269921,5034.745662938467,0.6949132587693385
2025-04-19 08:40:29,7274157,5037.6792825236325,0.7535856504726508
2025-04-19 08:52:22,7286682,5046.353405588836,0.9270681117767162
2025-04-19 09:14:18,7290915,5049.284947539734,0.9856989507946855
2025-04-19 09:30:57,7290360,5048.900585200318,0.9780117040063669
2025-04-19 09:42:50,7290776,5049.188683818691,0.9837736763738213
2025-04-19 09:54:58,7290446,5048.960144049309,0.9792028809861767
2025-04-19 10:19:59,7281017,5042.430139547768,0.848602790955356
2025-04-19 10:38:24,7275027,5038.281796461096,0.7656359292219167
2025-04-19 10:50:21,7275747,5038.780428685203,0.7756085737040667
2025-04-19 11:24:56,7272859,5036.780359430728,0.7356071886145583
2025-04-19 11:37:35,7272617,5036.612763599847,0.7322552719969462
2025-04-19 11:49:32,7272987,5036.869005159458,0.7373801031891526
2025-04-19 12:14:31,7278682,5040.813047543197,0.8162609508639433
2025-04-19 12:53:02,7280754,5042.248000277017,0.8449600055403425
2025-04-19 13:21:29,7283447,5044.11302330413,0.8822604660826074
2025-04-19 13:38:44,7286546,5046.25921950206,0.9251843900411951
2025-04-19 13:50:22,7290657,5049.106270992763,0.9821254198552559
2025-04-19 14:09:06,7294365,5051.674226946916,1.033484538938319
2025-04-19 14:30:20,7295746,5052.630631254545,1.0526126250908965
2025-04-19 14:43:08,7291938,5049.9934208248205,0.9998684164964106
2025-04-19 14:55:00,7289650,5048.408878423767,0.9681775684753483
2025-04-19 15:19:52,7291292,5049.546036912635,0.9909207382526983
2025-04-19 15:34:12,7300295,5055.781017348246,1.1156203469649153
2025-04-19 15:45:58,7284190,5044.627584057619,0.8925516811523811
2025-04-19 15:57:51,7274171,5037.688978150212,0.7537795630042455
2025-04-19 16:30:13,7275436,5038.565047266179,0.7713009453235827
2025-04-19 16:46:52,7259193,5027.316042799265,0.5463208559853047
2025-04-19 16:58:37,7246460,5018.497870424876,0.3699574084975211
2025-04-19 17:22:15,7253803,5023.5832265660165,0.47166453132032987
2025-04-19 17:37:54,7256943,5025.75781709893,0.5151563419785998
2025-04-19 17:49:43,7264007,5030.649953253229,0.6129990650645777
2025-04-19 18:11:38,7275180,5038.387755808719,0.7677551161743759
2025-04-19 18:37:05,7280214,5041.874026108937,0.8374805221787391
2025-04-19 18:49:42,7271409,5035.776169534955,0.7155233906991089
2025-04-19 19:07:14,7266339,5032.264967623532,0.6452993524706472
2025-04-19 19:23:31,7267919,5033.359188337546,0.6671837667509135
2025-04-19 19:36:33,7268124,5033.501160012465,0.6700232002493067
2025-04-19 19:48:15,7266539,5032.403476574673,0.6480695314934565
2025-04-19 20:00:02,7264442,5030.9512102219605,0.6190242044392108
2025-04-19 20:26:10,7268104,5033.487309117351,0.6697461823470258
2025-04-19 20:41:22,7275492,5038.603829772499,0.7720765954499802
2025-04-19 20:53:23,7275500,5038.609370130544,0.7721874026108889
2025-04-19 21:15:07,7279354,5041.278437619031,0.8255687523806227
2025-04-19 21:30:14,7282951,5043.7695211053015,0.8753904221060294
2025-04-19 21:42:02,7283859,5044.398351743481,0.8879670348696164
2025-04-19 21:54:03,7285074,5045.239793621662,0.904795872433242
2025-04-19 22:16:51,7282807,5043.66979466048,0.8733958932095992
2025-04-19 22:35:38,7280158,5041.835243602617,0.8367048720523417
2025-04-19 22:47:27,7279525,5041.396862772256,0.827937255445122
2025-04-19 22:59:03,7278717,5040.837286609647,0.8167457321929396
2025-04-19 23:25:37,7270867,5035.400810277364,0.7080162055472828
2025-04-19 23:39:51,7268837,5033.994944423283,0.6798988884656683
2025-04-19 23:51:52,7268214,5033.563489040479,0.67126978080958
2025-04-20 01:12:15,7273632,5037.315696526887,0.7463139305377444
2025-04-20 02:48:13,7279197,5041.169708092385,0.8233941618477002
2025-04-20 03:30:21,7274325,5037.795630042591,0.7559126008518251
2025-04-20 03:54:08,7268456,5033.73108487136,0.6746216974271919
2025-04-20 04:21:12,7269084,5034.166002977942,0.683320059558846
2025-04-20 04:40:27,7274536,5037.941756986045,0.7588351397209044
2025-04-20 04:52:13,7275646,5038.710481664877,0.7742096332975416
2025-04-20 05:14:12,7271922,5036.131444994632,0.7226288998926429
2025-04-20 05:34:39,7270049,5034.834308667198,0.6966861733439509
2025-04-20 05:46:17,7268669,5033.878596904325,0.6775719380864939
2025-04-20 05:58:12,7266772,5032.564839502753,0.6512967900550575
2025-04-20 06:34:24,7265662,5031.79611482392,0.6359222964784021
2025-04-20 06:50:11,7253184,5023.154541362235,0.46309082724470496
2025-04-20 07:10:37,7245843,5018.070570310606,0.36141140621211887
2025-04-20 07:28:54,7239569,5013.725544513314,0.2745108902662832
2025-04-20 07:40:42,7235919,5011.197756154991,0.22395512309982224
2025-04-20 07:52:37,7239156,5013.439523529208,0.2687904705841538
2025-04-20 08:18:12,7236813,5011.816891166592,0.23633782333183262
2025-04-20 08:38:11,7228148,5005.815990858408,0.1163198171681688
2025-04-20 08:50:10,7229354,5006.651199833789,0.13302399667578357
2025-04-20 09:09:35,7225618,5004.063852626476,0.08127705252951273
2025-04-20 09:28:32,7222323,5001.781917656428,0.03563835312856099
2025-04-20 09:42:00,7217815,4998.659925897711,-0.026801482045775628
2025-04-20 09:53:39,7214913,4996.650161016655,-0.06699677966689706
2025-04-20 10:18:12,7210822,4993.816960421067,-0.12366079157865899
2025-04-20 10:39:35,7206814,4991.041241040202,-0.17917517919595413
2025-04-20 10:51:36,7189826,4979.276290730288,-0.4144741853942469
2025-04-20 11:11:10,7184067,4975.287925482184,-0.4942414903563258
2025-04-20 11:26:01,7181392,4973.435368260673,-0.5312926347865323
2025-04-20 11:38:55,7182172,4973.975553170123,-0.5204889365975396
2025-04-20 11:50:56,7175623,4969.440077565012,-0.6111984486997608
2025-04-20 12:20:39,7195638,4983.301360850444,-0.3339727829911135
2025-04-20 12:56:21,7200840,4986.903978669621,-0.26192042660757575
2025-04-20 13:29:07,7196638,4983.993905606149,-0.32012188787701235
2025-04-20 13:43:46,7205655,4990.23858166834,-0.1952283666332005
2025-04-20 13:55:44,7203174,4988.520378129436,-0.22959243741128374
2025-04-20 14:20:07,7213919,4995.961771529484,-0.08076456941031211
2025-04-20 14:37:10,7220618,5000.601128847951,0.012022576959025172
2025-04-20 14:49:04,7219156,4999.588628415111,-0.00822743169777823
2025-04-20 15:06:53,7221297,5001.071366737075,0.021427334741492814
2025-04-20 15:28:16,7210913,4993.879981993836,-0.12240036012328345
2025-04-20 15:42:47,7209246,4992.725509886076,-0.14548980227848005
2025-04-20 15:54:33,7203769,4988.932442259081,-0.22135115481838513
2025-04-20 16:21:56,7209113,4992.633401433567,-0.14733197132865827
2025-04-20 16:42:21,7218436,4999.089996191004,-0.018200076179928144
2025-04-20 16:54:14,7220955,5000.834516430624,0.01669032861247615
2025-04-20 17:17:28,7216882,4998.013781640638,-0.03972436718724566
2025-04-20 17:34:09,7212903,4995.2581460576885,-0.09483707884623072
2025-04-20 17:45:43,7214378,4996.279649572353,-0.07440700855293472
2025-04-20 17:57:35,7221046,5000.8975380033935,0.01795076006786985
2025-04-20 18:32:08,7221762,5001.393400048478,0.027868000969556304
2025-04-20 18:48:45,7214905,4996.64462065861,-0.06710758682780579
2025-04-20 19:00:19,7219963,5000.147512032965,0.002950240659301926
2025-04-20 19:21:16,7220806,5000.731327262024,0.014626545240480484
2025-04-20 19:34:33,7220642,5000.6177499220885,0.012354998441769566
2025-04-20 19:46:21,7220974,5000.847674780983,0.016953495619654858
2025-04-20 19:58:12,7226364,5004.5804910142315,0.09160982028462968
2025-04-20 20:25:56,7262924,5029.8999272828005,0.5979985456560099
2025-04-20 20:41:52,7265441,5031.64306243291,0.6328612486581915
2025-04-20 20:53:42,7268494,5033.757401572077,0.6751480314415312
2025-04-20 21:15:50,7257483,5026.13179126701,0.5226358253402031
2025-04-20 21:30:07,7257120,5025.880397520689,0.5176079504137852
2025-04-20 21:42:28,7265130,5031.427681013885,0.6285536202777076
2025-04-20 21:54:32,7263778,5030.491360504172,0.6098272100834402
2025-04-20 22:19:00,7245017,5017.498528342394,0.3499705668478782
2025-04-20 22:38:00,7236835,5011.832127151217,0.23664254302433618
2025-04-20 22:49:52,7238623,5013.070397174417,0.2614079434883388
2025-04-20 23:08:54,7253640,5023.470341770837,0.46940683541673933
2025-04-20 23:27:35,7269700,5034.592610547456,0.6918522109491277
2025-04-20 23:40:53,7260111,5027.951798885003,0.5590359777000594
2025-04-20 23:52:56,7263669,5030.4158731258,0.6083174625160064
2025-04-21 01:20:30,7412589,5133.549638145365,2.670992762907299
2025-04-21 02:52:06,7431478,5146.631116035874,2.9326223207174733
2025-04-21 03:38:21,7431236,5146.463520204993,2.9292704040998614
2025-04-21 03:59:45,7427905,5144.15665362374,2.8831330724747932
2025-04-21 04:32:30,7415510,5135.572561376778,2.7114512275355627
2025-04-21 04:50:17,7427445,5143.838083036116,2.8767616607223134
2025-04-21 05:11:54,7436912,5150.394404238374,3.0078880847674734
2025-04-21 05:36:54,7441429,5153.522628899892,3.0704525779978393
2025-04-21 05:50:30,7448306,5158.285259184874,3.165705183697482
2025-04-21 06:16:25,7446854,5157.279684199591,3.1455936839918284
2025-04-21 06:44:36,7441263,5153.407666470445,3.068153329408906
2025-04-21 06:57:10,7454396,5162.502856747117,3.250057134942345
2025-04-21 07:24:49,7446086,5156.7478098272095,3.1349561965441897
2025-04-21 07:39:02,7446632,5157.125939263825,3.1425187852764975
2025-04-21 07:50:56,7448637,5158.514491499012,3.1702898299802476
2025-04-21 08:17:07,7445380,5156.258873229682,3.125177464593635
2025-04-21 08:42:38,7450817,5160.024239066449,3.200484781328978
2025-04-21 08:57:45,7453068,5161.583157311541,3.231663146230821
2025-04-21 09:27:56,7437712,5150.948440042937,3.0189688008587474
2025-04-21 09:43:05,7437064,5150.499671041241,3.009993420824812
2025-04-21 09:54:52,7446004,5156.691021157242,3.1338204231448437
2025-04-21 10:22:13,7441852,5153.815575331555,3.0763115066311
2025-04-21 10:44:21,7432034,5147.016170920046,2.9403234184009124
2025-04-21 10:56:16,7433804,5148.241975137643,2.9648395027528567
2025-04-21 11:19:34,7418408,5137.579556078811,2.7515911215762205
2025-04-21 11:31:47,7390280,5118.099657190345,2.3619931438069033
2025-04-21 11:43:41,7394464,5120.997264448215,2.4199452889643
2025-04-21 11:55:23,7400800,5125.38522802036,2.507704560407201
2025-04-21 12:42:50,7430404,5145.887322968247,2.9177464593649347
2025-04-21 13:16:08,7397592,5123.163544444059,2.4632708888811794
2025-04-21 13:40:01,7421008,5139.3801724436435,2.787603448872869
2025-04-21 13:52:04,7440425,5152.827313965165,3.056546279303293
2025-04-21 14:13:23,7436252,5149.937324699608,2.998746493992167
2025-04-21 14:35:20,7513683,5203.56175767859,4.071235153571797
2025-04-21 14:47:14,7508558,5200.012465805602,4.00024931611204
2025-04-21 14:58:56,7504828,5197.429273866824,3.9485854773364735
2025-04-21 15:27:16,7510740,5201.523598462551,4.030471969251011
2025-04-21 15:43:35,7514407,5204.06316008172,4.081263201634392
2025-04-21 15:55:39,7503985,5196.845458637764,3.936909172755277
2025-04-21 16:28:36,7495516,5190.9802971017,3.8196059420339954
2025-04-21 16:49:45,7461365,5167.329201149624,3.3465840229924835
2025-04-21 17:08:03,7389917,5117.848263444024,2.356965268880485
2025-04-21 17:32:15,7418349,5137.538695938225,2.7507739187644984
2025-04-21 17:44:43,7414139,5134.623082516708,2.692461650334153
2025-04-21 17:56:33,7402094,5126.281380934242,2.5256276186848483
2025-04-21 18:33:05,7403809,5127.469095190277,2.5493819038055334
2025-04-21 18:51:01,7400897,5125.452404861664,2.5090480972332805
2025-04-21 19:10:08,7406276,5129.1776031026,2.583552062052004
2025-04-21 19:26:50,7422858,5140.661380241698,2.8132276048339557
2025-04-21 19:39:41,7435003,5149.072336299733,2.9814467259946653
2025-04-21 19:51:36,7433580,5148.086845112365,2.9617369022473032
2025-04-21 20:14:54,7428586,5144.628276602375,2.8925655320475014
2025-04-21 20:34:31,7427063,5143.573530939437,2.8714706187887353
2025-04-21 20:46:28,7427157,5143.638630146473,2.8727726029294534
2025-04-21 20:58:09,7428611,5144.645590221267,2.8929118044253483
2025-04-21 21:24:07,7424902,5142.076941722358,2.841538834447165
2025-04-21 21:39:13,7424606,5141.87194847467,2.837438969493396
2025-04-21 21:51:12,7430827,5146.18026939991,2.9236053879981956
2025-04-21 22:12:49,7416642,5136.356522040236,2.727130440804722
2025-04-21 22:35:03,7411885,5133.062086637348,2.6612417327469666
2025-04-21 22:46:59,7414938,5135.176425776515,2.7035285155303064
2025-04-21 22:59:04,7419663,5138.44869974722,2.7689739949444085
2025-04-21 23:24:57,7430677,5146.076387686554,2.9215277537310795
2025-04-21 23:39:26,7430131,5145.698258249939,2.913965164998772
2025-04-21 23:51:24,7435114,5149.149208767616,2.9829841753523216
2025-04-22 01:02:57,7454559,5162.615741542297,3.252314830845935
2025-04-22 02:41:45,7507158,5199.042903147615,3.980858062952302
2025-04-22 03:26:40,7498233,5192.86194120295,3.8572388240590048
2025-04-22 03:53:54,7509781,5200.85944804183,4.017188960836593
2025-04-22 04:21:23,7509835,5200.8968454586375,4.017936909172749
2025-04-22 04:43:25,7512237,5202.560337961841,4.051206759236811
2025-04-22 04:55:40,7507250,5199.106617265141,3.982132345302816
2025-04-22 05:22:36,7499039,5193.420132276048,3.8684026455209644
2025-04-22 05:41:18,7510614,5201.436337823331,4.028726756466622
2025-04-22 05:53:00,7514778,5204.320094186086,4.086401883721719
2025-04-22 06:24:04,7505589,5197.956300425914,3.9591260085182878
2025-04-22 06:48:10,7491494,5188.194882094255,3.7638976418851056
2025-04-22 06:59:53,7503283,5196.359292219259,3.927185844385185
2025-04-22 07:26:32,7512532,5202.764638664773,4.055292773295459
2025-04-22 07:41:19,7515304,5204.684372727587,4.093687454551746
2025-04-22 07:53:05,7524020,5210.72059281831,4.214411856366205
2025-04-22 08:22:23,7537367,5219.963987672703,4.399279753454066
2025-04-22 08:45:16,7526055,5212.12992139617,4.2425984279234035
2025-04-22 08:57:19,7524344,5210.944977319159,4.218899546383181
2025-04-22 09:27:59,7530051,5214.897330239966,4.297946604799327
2025-04-22 09:44:03,7534383,5217.89743412168,4.357948682433598
2025-04-22 09:56:06,7540391,5222.058243013955,4.441164860279096
2025-04-22 10:25:43,7538673,5220.868451123653,4.417369022473068
2025-04-22 10:45:05,7539111,5221.171785726652,4.423435714533043
2025-04-22 10:56:40,7540482,5222.121264586724,4.442425291734471
2025-04-22 11:21:12,7544869,5225.159458430001,4.50318916860002
2025-04-22 11:35:33,7547652,5227.086810485127,4.54173620970254
2025-04-22 11:47:24,7544280,5224.75154956889,4.495030991377807
2025-04-22 11:59:05,7550121,5228.7967034869625,4.575934069739251
2025-04-22 12:52:33,7560332,5235.868277987464,4.717365559749287
2025-04-22 13:26:11,7628357,5282.978634994286,5.659572699885721
2025-04-22 13:45:48,7655040,5301.457806710759,6.029156134215173
2025-04-22 13:57:29,7680530,5319.110772533674,6.382215450673484
2025-04-22 14:26:12,7697521,5330.877800477855,6.617556009557102
2025-04-22 14:45:23,7719670,5346.216974271962,6.924339485439232
2025-04-22 14:57:28,7728065,5352.030887496104,7.040617749922077
2025-04-22 15:27:46,7763298,5376.431316873853,7.528626337477053
2025-04-22 15:44:03,7723197,5348.659579625333,6.973191592506664
2025-04-22 15:55:42,7726351,5350.8438657848255,7.016877315696511
2025-04-22 16:28:29,7729936,5353.326638734028,7.066532774680563
2025-04-22 16:49:20,7733759,5355.974237335087,7.119484746701746
2025-04-22 17:08:11,7738923,5359.550538453547,7.191010769070945
2025-04-22 17:31:38,7744067,5363.112988676893,7.262259773537862
2025-04-22 17:44:26,7771364,5382.017382873368,7.6403476574673554
2025-04-22 17:55:59,7778875,5387.219086533467,7.744381730669338
2025-04-22 18:32:28,7775584,5384.9399217424425,7.698798434848849
2025-04-22 18:51:10,7785874,5392.066207278645,7.841324145572908
2025-04-22 19:10:20,7807043,5406.726687212161,8.134533744243218
2025-04-22 19:26:44,7809681,5408.55362027771,8.171072405554206
2025-04-22 19:40:23,7792580,5396.710412410402,7.934208248208033
2025-04-22 19:52:16,7784415,5391.055784480071,7.821115689601429
2025-04-22 20:16:40,7788294,5393.7421655874505,7.874843311749009
2025-04-22 20:37:23,7778284,5386.809792582845,7.736195851656904
2025-04-22 20:50:03,7776331,5385.457252674953,7.7091450534990695
2025-04-22 21:09:33,7776768,5385.759894733197,7.715197894663943
2025-04-22 21:29:31,7795567,5398.779043595692,7.975580871913844
2025-04-22 21:41:54,7790288,5395.123099830326,7.902461996606526
2025-04-22 21:53:33,7894787,5467.493334256726,9.349866685134511
2025-04-22 22:17:01,7904451,5474.186086775858,9.483721735517156
2025-04-22 22:38:18,7915682,5481.964056927179,9.639281138543575
2025-04-22 22:50:19,7904179,5473.997714602306,9.479954292046115
2025-04-22 23:10:13,7923878,5487.640153744936,9.752803074898711
2025-04-22 23:29:14,7947727,5504.15665362374,10.083133072474793
2025-04-22 23:43:20,7985553,5530.3528515530315,10.60705703106063
2025-04-22 23:54:55,7976746,5524.253609889539,10.485072197790778
2025-04-23 01:42:59,7934820,5495.2179784618575,9.90435956923715
2025-04-23 02:58:08,7926584,5489.5141798538725,9.790283597077451
2025-04-23 03:39:05,7934734,5495.158419612867,9.903168392257339
2025-04-23 03:55:41,7938652,5497.871809965719,9.95743619931438
2025-04-23 04:27:19,7944856,5502.168357630111,10.043367152602222
2025-04-23 04:48:17,7952695,5507.597215970081,10.151944319401627
2025-04-23 04:59:59,7985727,5530.473354340524,10.609467086810472
2025-04-23 05:28:29,7978586,5525.527892240036,10.510557844800715
2025-04-23 05:44:20,7975085,5523.103293050313,10.462065861006268
2025-04-23 05:56:23,7993680,5535.981162782645,10.719623255652897
2025-04-23 06:34:28,8012952,5549.3278853145885,10.98655770629177
2025-04-23 06:52:12,8009625,5547.023788912358,10.940475778247166
2025-04-23 07:19:12,7994706,5536.691713701997,10.733834274039946
2025-04-23 07:38:20,8010787,5547.828525918487,10.956570518369734
2025-04-23 07:50:01,8015819,5551.313411129194,11.026268222583877
2025-04-23 08:14:19,8040471,5568.38602444683,11.367720488936593
2025-04-23 08:41:46,8057859,5580.427992659025,11.608559853180504
2025-04-23 08:57:11,8063032,5584.010526680287,11.680210533605733
2025-04-23 09:28:04,8052959,5577.034523356071,11.540690467121422
2025-04-23 09:43:45,8041631,5569.189376363447,11.383787527268941
2025-04-23 09:55:47,8036201,5565.42885833997,11.308577166799406
2025-04-23 10:26:41,7992200,5534.956196544202,10.699123930884035
2025-04-23 10:47:25,7993496,5535.853734547594,10.717074690951886
2025-04-23 10:59:02,8003894,5543.054814917414,10.861096298348274
2025-04-23 11:22:51,8003817,5543.001488971225,10.860029779424494
2025-04-23 11:36:26,7997118,5538.362131652758,10.767242633055158
2025-04-23 11:48:21,7990535,5533.803109525953,10.67606219051906
2025-04-23 12:00:06,7982615,5528.318155060771,10.56636310121541
2025-04-23 12:54:09,8002899,5542.365732885487,10.847314657709738
2025-04-23 13:29:05,8025452,5557.9846947608985,11.15969389521797
2025-04-23 13:47:26,8004452,5543.441254891097,10.868825097821937
2025-04-23 13:59:29,7979252,5525.989127047335,10.519782540946707
2025-04-23 14:29:25,7962358,5514.289275944458,10.285785518889151
2025-04-23 14:48:07,7945757,5502.792340455001,10.055846809100021
2025-04-23 14:59:56,7937925,5497.368329928321,9.947366598566424
2025-04-23 15:29:43,7867414,5448.536306658817,8.97072613317634
2025-04-23 15:46:18,7906850,5475.847501644794,9.516950032895876
2025-04-23 15:57:56,7928486,5490.8313999792235,9.81662799958447
2025-04-23 16:33:25,7974028,5522.371273243533,10.447425464870665
2025-04-23 16:53:32,7999354,5539.910661726513,10.798213234530268
2025-04-23 17:15:31,8023759,5556.81221648949,11.136244329789806
2025-04-23 17:35:58,8016455,5551.753869593822,11.035077391876438
2025-04-23 17:48:05,8014163,5550.166557013747,11.003331140274932
2025-04-23 17:59:49,8024045,5557.010284289622,11.140205685792443
2025-04-23 18:37:55,8023833,5556.863464801412,11.137269296028244
2025-04-23 18:54:39,8012988,5549.352816925793,10.987056338515867
2025-04-23 19:17:07,7985781,5530.5107517573315,10.610215035146629
2025-04-23 19:29:20,7963118,5514.815609958793,10.296312199175864
2025-04-23 19:41:44,7976371,5523.993905606149,10.479878112122988
2025-04-23 19:53:18,7979380,5526.077772776065,10.521555455521302
2025-04-23 20:19:32,8016029,5551.458845527892,11.029176910557835
2025-04-23 20:38:23,8025984,5558.353128570933,11.167062571418665
2025-04-23 20:50:19,8016596,5551.851518404376,11.037030368087526
2025-04-23 21:10:26,8018963,5553.49077184113,11.06981543682259
2025-04-23 21:30:05,8019844,5554.1009037709055,11.082018075418109
2025-04-23 21:43:35,8010733,5547.791128501679,10.955822570033579
2025-04-23 21:55:14,8004042,5543.1573115412575,10.863146230825151
2025-04-23 22:20:59,7988824,5532.618165448942,10.652363308978838
2025-04-23 22:40:22,8002539,5542.116416773433,10.842328335468665
2025-04-23 22:52:21,8016614,5551.863984209979,11.037279684199584
2025-04-23 23:14:48,8022852,5556.184078396066,11.123681567921322
2025-04-23 23:31:37,8016151,5551.543335988088,11.030866719761761
2025-04-23 23:44:20,8006721,5545.012638941791,10.90025277883582
2025-04-23 23:56:04,8003448,5542.7459399563695,10.85491879912739
2025-04-24 01:54:30,7992077,5534.871013539249,10.697420270784987
2025-04-24 03:06:15,7971575,5520.672460957789,10.413449219155773
2025-04-24 03:44:40,7961024,5513.365421240347,10.267308424806942
2025-04-24 03:58:07,7950770,5506.26406731535,10.125281346307
2025-04-24 04:30:44,7943490,5501.222341493819,10.024446829876378
2025-04-24 04:47:45,7931503,5492.920807507185,9.858416150143693
2025-04-24 04:59:38,7939149,5498.216004709304,9.964320094186077
2025-04-24 05:28:31,7934623,5495.081547144984,9.901630942899683
2025-04-24 05:44:40,7938058,5497.46043838083,9.9492087676166
2025-04-24 05:56:31,7934088,5494.711035700681,9.894220714013628
2025-04-24 06:35:17,7920500,5485.300737560165,9.706014751203293
2025-04-24 06:53:02,7910124,5478.114893174971,9.562297863499424
2025-04-24 07:17:09,7905900,5475.189584126873,9.503791682537468
2025-04-24 07:34:09,7893039,5466.2827660237535,9.325655320475072
2025-04-24 07:45:55,7880526,5457.616953495619,9.152339069912378
2025-04-24 07:57:39,7871659,5451.476159146784,9.029523182935682
2025-04-24 08:34:18,7855099,5440.007617992313,8.800152359846251
2025-04-24 08:52:47,7837899,5428.095848194189,8.561916963883776
2025-04-24 09:18:08,7876280,5454.676408462897,9.093528169257933
2025-04-24 09:37:55,7887025,5462.117801862945,9.242356037258906
2025-04-24 09:49:52,7875579,5454.190934589147,9.083818691782945
2025-04-24 10:10:59,7884311,5460.238235395962,9.20476470791924
2025-04-24 10:38:46,7887327,5462.326950379168,9.24653900758336
2025-04-24 10:51:57,7897052,5469.0619481283975,9.38123896256795
2025-04-24 11:12:37,7887879,5462.709235084317,9.254184701686336
2025-04-24 11:29:26,7878612,5456.2914228332,9.125828456664003
2025-04-24 11:41:41,7882045,5458.668928979535,9.173378579590699
2025-04-24 11:53:26,7895152,5467.7461130925585,9.35492226185117
2025-04-24 12:36:52,7908532,5477.012361923889,9.540247238477786
2025-04-24 13:17:08,7917489,5483.215485300737,9.664309706014738
2025-04-24 13:43:33,7922203,5486.480141279129,9.729602825582589
2025-04-24 13:55:28,7913489,5480.445306277918,9.608906125558352
2025-04-24 14:21:01,7927132,5489.893694379999,9.79787388759998
2025-04-24 14:41:32,7931038,5492.598774195782,9.851975483915648
2025-04-24 14:53:35,7950770,5506.26406731535,10.125281346307
2025-04-24 15:19:48,7961943,5514.00186987084,10.2800373974168
2025-04-24 15:39:48,7959516,5512.321063748745,10.24642127497489
2025-04-24 15:51:33,7955141,5509.291180442536,10.185823608850715
2025-04-24 16:16:57,7963138,5514.829460853907,10.296589217078145
2025-04-24 16:43:50,7982635,5528.332005955885,10.566640119117691
2025-04-24 16:58:24,7975279,5523.2376467329195,10.46475293465839
2025-04-24 17:24:30,7931665,5493.032999757609,9.860659995152183
2025-04-24 17:39:56,7931914,5493.205443401779,9.864108868035583
2025-04-24 17:51:33,7916876,5482.79095536549,9.6558191073098
2025-04-24 18:17:57,7952006,5507.120052633401,10.14240105266803
2025-04-24 18:43:58,7956369,5510.141625402542,10.202832508050832
2025-04-24 18:56:10,7966244,5516.980504865127,10.339610097302538
2025-04-24 19:20:18,7951614,5506.848575089165,10.1369715017833
2025-04-24 19:33:14,7970941,5520.233387582673,10.404667751653452
2025-04-24 19:44:54,7976834,5524.3145538280405,10.48629107656081
2025-04-24 19:56:52,7980128,5526.595796253332,10.531915925066642
2025-04-24 20:27:52,7965504,5516.4680217459045,10.329360434918089
2025-04-24 20:44:09,7963172,5514.853007375601,10.29706014751202
2025-04-24 20:55:56,7971711,5520.766647044565,10.415332940891295
2025-04-24 21:23:36,7968696,5518.678624606115,10.373572492122292
2025-04-24 21:39:01,7950243,5505.899096229094,10.117981924581873
2025-04-24 21:50:49,7954571,5508.896429931784,10.177928598635681
2025-04-24 22:11:10,7965981,5516.798365594376,10.335967311887526
2025-04-24 22:35:37,7977315,5524.647667855535,10.492953357110691
2025-04-24 22:48:23,7968462,5518.5165691332795,10.37033138266559
2025-04-24 23:00:08,7965169,5516.236019252744,10.32472038505488
2025-04-24 23:25:12,7973807,5522.218220852522,10.444364417050437
2025-04-24 23:39:46,7996874,5538.193150732365,10.763863014647304
2025-04-24 23:51:37,8003873,5543.040271477544,10.860805429550874
2025-04-25 01:06:04,8015208,5550.890266283458,11.01780532566916
2025-04-25 02:44:57,7953958,5508.471899996537,10.169437999930741
2025-04-25 03:29:13,7934783,5495.1923543058965,9.90384708611793
2025-04-25 03:52:59,7952985,5507.798053949236,10.155961078984728
2025-04-25 04:20:12,7957686,5511.053706845804,10.221074136916087
2025-04-25 04:42:33,7945809,5502.828352782298,10.056567055645955
2025-04-25 04:55:04,7943583,5501.286748156099,10.025734963121977
2025-04-25 05:20:49,7971986,5520.957096852384,10.41914193704768
2025-04-25 05:39:29,7993236,5535.673672911112,10.713473458222234
2025-04-25 05:51:30,7987097,5531.422140655839,10.62844281311678
2025-04-25 06:19:14,7990640,5533.8758267253015,10.677516534506031
2025-04-25 06:45:03,8006314,5544.73077322622,10.894615464524394
2025-04-25 06:56:47,8003790,5542.98279026282,10.859655805256407
2025-04-25 07:24:38,7995148,5536.997818484019,10.739956369680385
2025-04-25 07:38:32,7993355,5535.75608573704,10.715121714740798
2025-04-25 07:50:45,7996847,5538.174452023962,10.763489040479236
2025-04-25 08:16:17,8003780,5542.975864815263,10.859517296305258
2025-04-25 08:42:19,8005246,5543.991135427126,10.879822708542525
2025-04-25 08:57:25,8006590,5544.921915578794,10.898438311575882
2025-04-25 09:27:33,8003555,5542.82004224523,10.856400844904602
2025-04-25 09:43:05,8009776,5547.128363170469,10.942567263409382
2025-04-25 09:54:54,8008503,5546.246753696457,10.924935073929138
2025-04-25 10:22:10,8010127,5547.371446379721,10.947428927594428
2025-04-25 10:42:28,8000061,5540.400290868797,10.808005817375943
2025-04-25 10:54:18,7999288,5539.864953772637,10.797299075452738
2025-04-25 11:16:17,8018579,5553.2248346549395,11.064496693098791
2025-04-25 11:30:34,8039157,5567.476020637833,11.349520412756666
2025-04-25 11:42:24,8047031,5572.929118044253,11.458582360885066
2025-04-25 11:54:15,8061190,5582.734859240278,11.654697184805554
2025-04-25 12:39:02,8087586,5601.015270611862,12.02030541223725
2025-04-25 13:16:01,8058881,5581.1357733993555,11.622715467987108
2025-04-25 13:40:14,8064799,5585.234253263617,11.704685065272333
2025-04-25 13:52:13,8076653,5593.443678797742,11.86887357595484
2025-04-25 14:14:14,8105242,5613.242840818588,12.264856816371756
2025-04-25 14:37:22,8097240,5607.701097683437,12.154021953668744
2025-04-25 14:49:39,8124147,5626.3353994251875,12.526707988503748
2025-04-25 15:09:38,8159533,5650.841788150558,13.016835763011168
2025-04-25 15:31:57,8149067,5643.593614737352,12.871872294747044
2025-04-25 15:45:27,8115814,5620.564423975899,12.411288479517989
2025-04-25 15:57:12,8119462,5623.09082724471,12.461816544894209
2025-04-25 16:31:46,8115028,5620.020083797915,12.400401675958292
2025-04-25 16:51:51,8138436,5636.231171439454,12.724623428789073
2025-04-25 17:12:16,8150502,5644.587416461788,12.89174832923576
2025-04-25 17:32:08,8153092,5646.381107379064,12.927622147581278
2025-04-25 17:44:08,8119200,5622.909380518716,12.458187610374317
2025-04-25 17:56:07,8081230,5596.613456144603,11.932269122892066
2025-04-25 18:32:08,8099024,5608.936597527615,12.1787319505523
2025-04-25 18:50:04,8121483,5624.49046019599,12.489809203919794
2025-04-25 19:08:32,8125425,5627.220471622978,12.544409432459561
2025-04-25 19:25:09,8112298,5618.12943661484,12.362588732296809
2025-04-25 19:38:31,8118411,5622.362962706465,12.447259254129294
2025-04-25 19:50:24,8120081,5623.519512448492,12.470390248969835
2025-04-25 20:12:16,8130435,5630.69012084906,12.613802416981198
2025-04-25 20:33:17,8115749,5620.519408566778,12.410388171335562
2025-04-25 20:47:14,8104562,5612.7719103847085,12.25543820769417
2025-04-25 20:59:10,8108003,5615.154956889089,12.303099137781775
2025-04-25 21:25:02,8103820,5612.258042175975,12.245160843519498
2025-04-25 21:40:30,8097912,5608.166487759271,12.163329755185423
2025-04-25 21:52:26,8089985,5602.676685480798,12.053533709615968
2025-04-25 22:15:08,8095684,5606.623498043561,12.132469960871221
2025-04-25 22:38:03,8108988,5615.837113473458,12.31674226946916
2025-04-25 22:51:04,8111435,5617.531770490667,12.350635409813348
2025-04-25 23:11:48,8106653,5614.220021468887,12.284400429377747
2025-04-25 23:29:50,8093816,5605.329824439904,12.106596488798077
2025-04-25 23:42:31,8089166,5602.109491325877,12.042189826517532
2025-04-25 23:54:40,8093359,5605.013331486547,12.10026662973094
2025-04-26 01:37:56,8128129,5629.093112642404,12.581862252848078
2025-04-26 02:50:13,8118761,5622.605353370961,12.45210706741922
2025-04-26 03:26:09,8102889,5611.613283008414,12.232265660168288
2025-04-26 03:50:44,8096632,5607.2800304719685,12.14560060943937
2025-04-26 04:13:17,8097359,5607.783510509366,12.155670210187328
2025-04-26 04:38:06,8082011,5597.154333598808,11.943086671976163
2025-04-26 04:50:53,8085577,5599.623948197652,11.992478963953035
2025-04-26 05:11:23,8078252,5594.551057862114,11.891021157242285
2025-04-26 05:33:37,8078233,5594.537899511755,11.890757990235107
2025-04-26 05:45:45,8080263,5595.943765365836,11.91887530731672
2025-04-26 05:57:35,8085633,5599.662730703972,11.993254614079433
2025-04-26 06:33:14,8082231,5597.3066934450635,11.946133868901269
2025-04-26 06:48:46,8082904,5597.772776065653,11.955455521313052
2025-04-26 07:00:36,8086204,5600.058173759478,12.00116347518957
2025-04-26 07:23:26,8090086,5602.746632501125,12.054932650022494
2025-04-26 07:36:00,8087581,5601.011807888084,12.020236157761682
2025-04-26 07:47:59,8092433,5604.372035042764,12.087440700855277
2025-04-26 07:59:48,8085219,5599.376017175109,11.987520343502183
2025-04-26 08:30:43,8083003,5597.841337996468,11.956826759929355
2025-04-26 08:47:30,8068550,5587.831988642266,11.756639772845318
2025-04-26 08:59:19,8061374,5582.862287475327,11.657245749506547
2025-04-26 09:25:07,8060612,5582.334568371481,11.646691367429613
2025-04-26 09:38:47,8047571,5573.3030922123335,11.466061844246669
2025-04-26 09:50:44,8043343,5570.375012985214,11.407500259704284
2025-04-26 10:11:14,8056221,5579.293604349181,11.585872086983617
2025-04-26 10:33:53,8053032,5577.085079123238,11.541701582464757
2025-04-26 10:45:44,8058295,5580.729942172513,11.614598843450258
2025-04-26 10:57:36,8055947,5579.103847086118,11.582076941722352
2025-04-26 11:19:13,8048137,5573.695072544063,11.473901450881257
2025-04-26 11:31:06,8042307,5569.657536618303,11.393150732366067
2025-04-26 11:43:04,8038705,5567.162990408255,11.343259808165094
2025-04-26 11:55:03,8034316,5564.123411475466,11.282468229509321
2025-04-26 12:37:51,8051013,5575.68683126147,11.513736625229393
2025-04-26 13:04:31,8050465,5575.307316735343,11.506146334706864
2025-04-26 13:30:23,8041059,5568.793240763184,11.375864815263686
2025-04-26 13:43:21,8038607,5567.095121022196,11.341902420443912
2025-04-26 13:55:10,8030663,5561.593545482877,11.231870909657536
2025-04-26 14:17:51,8029401,5560.719554001177,11.214391080023542
2025-04-26 14:34:53,8037847,5566.56878700786,11.331375740157199
2025-04-26 14:46:31,8044115,5570.9096575366175,11.41819315073235
2025-04-26 14:58:22,8047701,5573.393123030575,11.467862460611505
2025-04-26 15:24:47,8050869,5575.587104816648,11.511742096332963
2025-04-26 15:38:45,8056534,5579.510370857716,11.590207417154325
2025-04-26 15:50:44,8054038,5577.781779147477,11.555635582949545
2025-04-26 16:12:22,8054174,5577.875965234253,11.557519304685066
2025-04-26 16:37:06,8054618,5578.1834551057855,11.563669102115709
2025-04-26 16:49:56,8049521,5574.653554485958,11.49307108971916
2025-04-26 17:07:38,8052343,5576.607915786557,11.53215831573114
2025-04-26 17:27:41,8052810,5576.931334187471,11.538626683749426
2025-04-26 17:40:07,8055059,5578.488867343051,11.569777346861027
2025-04-26 17:51:52,8058046,5580.557498528342,11.611149970566839
2025-04-26 18:17:10,8054150,5577.859344160116,11.557186883202322
2025-04-26 18:40:08,8055457,5578.764500155822,11.575290003116443
2025-04-26 18:51:50,8051040,5575.705529969874,11.514110599397481
2025-04-26 19:11:14,8041540,5569.126354790678,11.382527095813566
2025-04-26 19:26:11,8044710,5571.321721666262,11.426434433325248
2025-04-26 19:38:42,8047681,5573.379272135461,11.467585442709224
2025-04-26 19:50:22,8050152,5575.090550226808,11.501811004536156
2025-04-26 20:11:07,8060445,5582.218913397278,11.644378267945559
2025-04-26 20:30:38,8050882,5575.596107898473,11.511922157969456
2025-04-26 20:43:17,8047931,5573.552408324387,11.471048166487744
2025-04-26 20:55:25,8048009,5573.606426815332,11.472128536306645
2025-04-26 21:19:01,8047887,5573.521936355137,11.470438727102737
2025-04-26 21:30:54,8053223,5577.217355171578,11.544347103431555
2025-04-26 21:42:45,8055560,5578.8358322656595,11.57671664531319
2025-04-26 21:54:32,8055850,5579.036670244815,11.580733404896291
2025-04-26 22:17:40,8073052,5590.9498251324485,11.81899650264897
2025-04-26 22:36:05,8082468,5597.470826552166,11.949416531043317
2025-04-26 22:47:51,8088095,5601.367775892517,12.027355517850337
2025-04-26 22:59:51,8089006,5601.998684164963,12.039973683299268
2025-04-26 23:24:43,8091957,5604.042383739049,12.08084767478098
2025-04-26 23:38:11,8087170,5600.72717199349,12.014543439869794
2025-04-26 23:50:03,8082770,5597.679975068389,11.953599501367771
2025-04-27 00:54:09,8106231,5613.927767581979,12.27855535163959
2025-04-27 02:40:34,8061187,5582.732781606011,11.654655632120212
2025-04-27 03:28:56,8050485,5575.321167630458,11.506423352609163
2025-04-27 03:53:40,8047356,5573.154195089857,11.463083901797145
2025-04-27 04:20:19,8050412,5575.270611863291,11.505412237265828
2025-04-27 04:40:08,8042963,5570.1118459780455,11.40223691956091
2025-04-27 04:51:55,8039012,5567.375601648256,11.347512032965113
2025-04-27 05:14:06,8033741,5563.725198240936,11.274503964818724
2025-04-27 05:34:22,8013783,5549.903390006579,10.998067800131576
2025-04-27 05:45:58,8021298,5555.1078638457,11.102157276914005
2025-04-27 05:57:38,8021709,5555.3924997402955,11.10784999480591
2025-04-27 06:33:46,8026963,5559.031129886768,11.180622597735363
2025-04-27 06:49:46,8022426,5555.889054330136,11.117781086602719
2025-04-27 07:08:46,8030270,5561.321375393884,11.226427507877688
2025-04-27 07:26:33,8032905,5563.146230825167,11.262924616503332
2025-04-27 07:38:47,8033538,5563.584611655528,11.271692233110553
2025-04-27 07:50:53,8037722,5566.4822189133965,11.32964437826793
2025-04-27 08:14:04,8034651,5564.3554139686275,11.287108279372552
2025-04-27 08:36:49,8045609,5571.944319401641,11.438886388032826
2025-04-27 08:51:11,8051090,5575.740157207659,11.514803144153175
2025-04-27 09:12:22,8041233,5568.913743550676,11.378274871013527
2025-04-27 09:30:37,8041730,5569.257938294262,11.385158765885244
2025-04-27 09:42:42,8041482,5569.086187194847,11.381723743896947
2025-04-27 09:54:39,8042145,5569.54534436788,11.390906887357596
2025-04-27 10:20:39,8039410,5567.651234461026,11.353024689220529
2025-04-27 10:39:08,8030646,5561.581772222029,11.231635444440581
2025-04-27 10:50:46,8028572,5560.145434398698,11.20290868797396
2025-04-27 11:09:10,8030050,5561.169015547629,11.22338031095258
2025-04-27 11:25:31,8025154,5557.778316423698,11.155566328473961
2025-04-27 11:38:35,8027997,5559.747221164167,11.194944423283342
2025-04-27 11:50:26,8025002,5557.673049620831,11.153460992416623
2025-04-27 12:18:41,8015835,5551.324491845285,11.026489836905693
2025-04-27 12:55:38,8011396,5548.250285674711,10.965005713494229
2025-04-27 13:26:20,8012430,5548.96637695211,10.979327539042206
2025-04-27 13:40:31,8020271,5554.396620381592,11.087932407631833
2025-04-27 13:52:18,8025941,5558.323349146438,11.166466982928759
2025-04-27 14:12:42,8028721,5560.248623567298,11.204972471345954
2025-04-27 14:31:59,8033855,5563.804148343086,11.276082966861722
2025-04-27 14:43:59,8034774,5564.440596973579,11.28881193947158
2025-04-27 14:55:54,8029215,5560.5907406766155,11.21181481353231
2025-04-27 15:22:34,8023317,5556.506111707468,11.130122234149367
2025-04-27 15:36:56,8017356,5552.377852418712,11.047557048374237
2025-04-27 15:48:37,8019208,5553.660445306277,11.073208906125547
2025-04-27 16:00:35,8020572,5554.605076353059,11.092101527061187
2025-04-27 16:31:06,8014683,5550.526680286713,11.010533605734253
2025-04-27 16:48:39,8016640,5551.881990373628,11.037639807472551
2025-04-27 17:00:26,8012755,5549.191453997714,10.983829079954285
2025-04-27 17:24:58,8032951,5563.178087883929,11.26356175767858
2025-04-27 17:39:29,8030748,5561.652411787111,11.233048235742228
2025-04-27 17:51:16,8031369,5562.082482080404,11.241649641608072
2025-04-27 18:15:49,8037158,5566.091623671179,11.321832473423584
2025-04-27 18:40:16,8047984,5573.58911319644,11.4717822639288
2025-04-27 18:52:16,8056666,5579.601786765469,11.592035735309382
2025-04-27 19:12:43,8052177,5576.49295335711,11.529859067142207
2025-04-27 19:27:14,8053734,5577.571245541742,11.551424910834848
2025-04-27 19:39:31,8058687,5581.001419716748,11.620028394334968
2025-04-27 19:51:21,8062282,5583.491118113508,11.669822362270152
2025-04-27 20:13:39,8055610,5578.870459503445,11.577409190068902
2025-04-27 20:32:26,8053344,5577.301153087018,11.54602306174036
2025-04-27 20:44:26,8057707,5580.322725856158,11.606454517123165
2025-04-27 20:56:08,8058170,5580.643374078049,11.612867481560988
2025-04-27 21:20:26,8049710,5574.784445444787,11.495688908895737
2025-04-27 21:33:02,8059258,5581.396862772256,11.627937255445122
2025-04-27 21:44:45,8066447,5586.3755670210185,11.727511340420369
2025-04-27 21:56:28,8064328,5584.90806468368,11.698161293673602
2025-04-27 22:22:12,8028306,5559.96121749368,11.199224349873603
2025-04-27 22:38:34,8014832,5550.629869455313,11.012597389106267
2025-04-27 22:50:26,8023959,5556.950725440631,11.139014508812615
2025-04-27 23:10:06,8010002,5547.284878285259,10.945697565705178
2025-04-27 23:30:41,8012982,5549.348661657259,10.98697323314518
2025-04-27 23:43:40,8014612,5550.477509609058,11.009550192181159
2025-04-27 23:55:38,8009731,5547.097198656463,10.941943973129256
2025-04-28 01:53:42,7937691,5497.206274455486,9.94412548910972
2025-04-28 03:09:42,7985472,5530.296755427819,10.605935108556388
2025-04-28 04:11:45,8020796,5554.760206378337,11.09520412756674
2025-04-28 04:40:06,8035227,5564.7543197479135,11.29508639495827
2025-04-28 04:51:01,8032176,5562.641365698258,11.252827313965154
2025-04-28 04:54:32,8028564,5560.139894040652,11.202797880813032
2025-04-28 05:27:41,8032649,5562.968939367706,11.259378787354125
2025-04-28 05:55:13,8033300,5563.41978600367,11.268395720073404
2025-04-28 06:37:50,8043126,5570.224730773226,11.404494615464518
2025-04-28 07:02:16,8058284,5580.722324180199,11.614446483603988
2025-04-28 07:55:15,8063386,5584.255687523806,11.685113750476122
2025-04-28 09:14:32,8054302,5577.964610962983,11.559292219259659
2025-04-28 10:56:13,8085127,5599.312303057584,11.986246061151688
2025-04-28 11:36:16,8119501,5623.1178364901825,12.46235672980365
2025-04-28 11:49:28,8112016,5617.934138993732,12.358682779874634
2025-04-28 12:17:00,8093859,5605.359603864399,12.107192077287982
2025-04-28 13:14:04,8098133,5608.319540150282,12.166390803005633
2025-04-28 13:51:04,8056127,5579.228505142144,11.58457010284288
2025-04-28 14:13:24,8049625,5574.725579140551,11.494511582811029
2025-04-28 14:42:21,8060631,5582.347726721839,11.646954534436773
2025-04-28 14:55:56,8053515,5577.419578240243,11.548391564804861
2025-04-28 15:26:11,8002565,5542.134422937082,10.84268845874163
2025-04-28 15:43:05,7985533,5530.3390006579175,10.60678001315835
2025-04-28 15:55:20,7982052,5527.928252363308,10.558565047266164
2025-04-28 16:27:02,7973343,5521.896880085875,10.437937601717495
2025-04-28 16:48:05,8004682,5543.600540184909,10.872010803698176
2025-04-28 16:59:59,7988249,5532.219952214411,10.644399044288221
2025-04-28 17:25:06,7983542,5528.960144049309,10.579202880986177
2025-04-28 17:40:51,7991211,5534.271269780809,10.685425395616184
2025-04-28 17:52:36,8013590,5549.769728868728,10.995394577374555
2025-04-28 18:22:30,8010658,5547.739187645001,10.95478375290002
2025-04-28 18:46:51,8021703,5555.388344471761,11.107766889435226
2025-04-28 18:59:03,8034845,5564.489767651234,11.289795353024674
2025-04-28 19:21:17,8064025,5584.698223622701,11.693964472454027
2025-04-28 19:34:58,8083676,5598.307420617057,11.966148412341134
2025-04-28 19:46:48,8094116,5605.5375878666155,12.11075175733231
2025-04-28 19:58:31,8092704,5604.55971467156,12.0911942934312
2025-04-28 20:26:12,8078344,5594.614771979639,11.892295439592782
2025-04-28 20:41:48,8074100,5591.675612036427,11.833512240728542
2025-04-28 20:53:38,8061338,5582.837355864122,11.656747117282448
2025-04-28 21:16:10,8058455,5580.840749333425,11.616814986668505
2025-04-28 21:31:35,8057199,5579.97091312026,11.599418262405198
2025-04-28 21:43:39,8054071,5577.804633124415,11.5560926624883
2025-04-28 21:55:25,8060844,5582.495238754804,11.649904775096074
2025-04-28 22:21:31,8056771,5579.6745039648185,11.59349007929637
2025-04-28 22:39:54,8061278,5582.79580317878,11.655916063575605
2025-04-28 22:51:45,8067134,5586.851345268187,11.737026905363745
2025-04-28 23:13:18,8087124,5600.695314934727,12.013906298694547
2025-04-28 23:30:52,8097538,5607.907476020638,12.158149520412753
2025-04-28 23:43:47,8101822,5610.874337754077,12.217486755081536
2025-04-28 23:55:41,8092448,5604.3824232141,12.087648464281992
2025-04-29 01:52:24,8109332,5616.07534886942,12.321506977388399
2025-04-29 03:03:40,8052979,5577.048374251185,11.540967485023703
2025-04-29 03:42:47,8049529,5574.659094844003,11.493181896880069
2025-04-29 03:57:27,8062463,5583.61646871429,11.6723293742858
2025-04-29 04:29:35,8069454,5588.458049101423,11.769160982028462
2025-04-29 04:46:20,8069921,5588.781467502337,11.775629350046747
2025-04-29 04:58:06,8049893,5574.91118113508,11.498223622701607
2025-04-29 05:26:55,8043909,5570.766993316943,11.415339866338854
2025-04-29 05:43:48,8034067,5563.950967831296,11.279019356625922
2025-04-29 05:55:46,8036967,5565.95934762284,11.319186952456803
2025-04-29 06:33:24,8085796,5599.775615499151,11.995512309983024
2025-04-29 06:52:36,8076450,5593.3030922123335,11.86606184424667
2025-04-29 07:16:38,8079207,5595.212438103812,11.90424876207624
2025-04-29 07:34:08,8087442,5600.915544167041,12.018310883340819
2025-04-29 07:46:02,8081751,5596.9742719623255,11.939485439246509
2025-04-29 07:57:58,8089855,5602.5866546625575,12.051733093251151
2025-04-29 08:35:39,8088216,5601.451573807957,12.029031476159144
2025-04-29 08:54:26,8088651,5601.752830776689,12.035056615533776
2025-04-29 09:22:27,8087829,5601.183558987499,12.02367117974998
2025-04-29 09:41:25,8090744,5603.202326950379,12.064046539007576
2025-04-29 09:53:20,8087088,5600.6703833235215,12.01340766647043
2025-04-29 10:19:50,8096241,5607.009245472488,12.140184909449763
2025-04-29 10:43:39,8089623,5602.4259842792335,12.04851968558467
2025-04-29 10:55:21,8080473,5596.089199764534,11.92178399529068
2025-04-29 11:18:44,8108771,5615.68683126147,12.313736625229394
2025-04-29 11:31:40,8110877,5617.145330516984,12.342906610339687
2025-04-29 11:43:37,8099023,5608.935904982859,12.17871809965718
2025-04-29 11:55:22,8100147,5609.7143252882715,12.194286505765431
2025-04-29 12:48:00,8092667,5604.534090515599,12.090681810311981
2025-04-29 13:24:45,8069074,5588.194882094255,11.763897641885105
2025-04-29 13:50:00,8075733,5592.806537622493,11.856130752449863
2025-04-29 14:11:03,8093276,5604.955850271824,12.099117005436474
2025-04-29 14:37:13,8079676,5595.5372415942375,11.910744831884749
2025-04-29 14:51:39,8098104,5608.299456352366,12.165989127047323
2025-04-29 15:14:43,8093343,5605.002250770455,12.100045015409105
2025-04-29 15:36:33,8072099,5590.289829980262,11.805796599605237
2025-04-29 15:49:45,8084603,5598.949409605595,11.9789881921119
2025-04-29 16:12:11,8078509,5594.72904186433,11.894580837286595
2025-04-29 16:41:33,8111122,5617.315003982132,12.346300079642642
2025-04-29 16:56:18,8114040,5619.335849579279,12.386716991585581
2025-04-29 17:21:54,8094884,5606.0694622389965,12.12138924477993
2025-04-29 17:38:53,8100750,5610.131929775961,12.20263859551922
2025-04-29 17:50:36,8102963,5611.664531320336,12.233290626406724
2025-04-29 18:16:21,8110412,5616.823297205581,12.336465944111625
2025-04-29 18:42:52,8122024,5624.865126908826,12.497302538176518
2025-04-29 18:55:22,8125227,5627.083347761349,12.541666955226974
2025-04-29 19:17:57,8120114,5623.5423664254295,12.47084732850859
2025-04-29 19:29:55,8121050,5624.190588316769,12.483811766335384
2025-04-29 19:41:45,8116165,5620.807507185152,12.416150143703035
2025-04-29 19:53:44,8118958,5622.741784687835,12.454835693756703
2025-04-29 20:20:29,8098628,5608.6623498043555,12.17324699608711
2025-04-29 20:39:12,8080843,5596.345441324145,11.926908826482904
2025-04-29 20:52:36,8084006,5598.53596038644,11.970719207728798
2025-04-29 21:14:49,8073456,5591.2296132137535,11.82459226427507
2025-04-29 21:31:44,8054882,5578.366286921292,11.567325738425843
2025-04-29 21:43:33,8061233,5582.764638664773,11.65529277329546
2025-04-29 21:55:17,8058460,5580.844212057204,11.61688424114407
2025-04-29 22:20:37,8032594,5562.930849406142,11.25861698812285
2025-04-29 22:39:46,8021302,5555.110634024723,11.102212680494468
2025-04-29 22:51:37,8025054,5557.709061948128,11.154181238962556
2025-04-29 23:12:55,8002400,5542.020153052391,10.840403061047818
2025-04-29 23:30:32,7997171,5538.39883652481,10.767976730496194
2025-04-29 23:43:41,8006899,5545.135911908306,10.902718238166125
2025-04-29 23:55:33,8027584,5559.4612001800615,11.189224003601229
2025-04-30 01:50:15,8047039,5572.934658402299,11.458693168045976
2025-04-30 03:01:24,8068659,5587.907476020638,11.758149520412752
2025-04-30 03:41:41,8065275,5585.563904567332,11.711278091346648
2025-04-30 03:57:12,8086763,5600.445306277918,12.008906125558351
2025-04-30 04:30:32,8084667,5598.99373246996,11.979874649399209
2025-04-30 04:49:20,8083399,5598.115585719726,11.962311714394527
2025-04-30 05:09:47,8088203,5601.4425707261325,12.02885141452265
2025-04-30 05:33:26,8089744,5602.509782194674,12.050195643893476
2025-04-30 05:46:26,8087371,5600.866373489386,12.017327469787723
2025-04-30 05:58:06,8075662,5592.757366944838,11.855147338896769
2025-04-30 06:37:03,8072823,5590.7912323833925,11.815824647667851
2025-04-30 06:55:24,8057805,5580.390595242217,11.607811904844349
2025-04-30 07:21:24,8040323,5568.283527822985,11.3656705564597
2025-04-30 07:36:35,8038531,5567.042487620762,11.340849752415233
2025-04-30 07:48:46,8026100,5558.433463762595,11.168669275251904
2025-04-30 08:00:19,8023712,5556.779666885972,11.135593337719438
2025-04-30 08:35:18,8019934,5554.163232798919,11.083264655978383
2025-04-30 08:53:20,8018502,5553.17150870875,11.063430174174991
2025-04-30 09:18:52,8019044,5553.546867966342,11.070937359326836
2025-04-30 09:38:02,8024376,5557.23951660376,11.144790332075209
2025-04-30 09:49:40,8036758,5565.814605768897,11.316292115377946
2025-04-30 10:10:55,8024045,5557.010284289622,11.140205685792443
2025-04-30 10:37:49,8032627,5562.953703383081,11.259074067661622
2025-04-30 10:51:29,8029000,5560.441843554139,11.208836871082784
2025-04-30 11:11:27,8027093,5559.12116070501,11.182423214100199
2025-04-30 11:27:57,8031616,5562.2535406350635,11.245070812701268
2025-04-30 11:40:46,8040814,5568.6235672980365,11.37247134596073
2025-04-30 11:52:51,8040195,5568.194882094255,11.363897641885105
2025-04-30 12:32:27,8033910,5563.84223830465,11.276844766093
2025-04-30 13:07:13,7996869,5538.189688008587,10.763793760171739
2025-04-30 13:38:10,7989541,5533.114720038782,10.662294400775645
2025-04-30 13:51:21,7939167,5498.228470514907,9.964569410298136
2025-04-30 14:13:15,7893005,5466.25921950206,9.325184390041196
2025-04-30 14:37:51,7962933,5514.687489178988,10.293749783579752
2025-04-30 14:50:58,7954320,5508.722601198102,10.17445202396204
2025-04-30 15:13:40,7948152,5504.450985144915,10.089019702898295
2025-04-30 15:35:14,7951178,5506.546625575677,10.130932511513548
2025-04-30 15:48:13,7961191,5513.48107621455,10.269621524290997
2025-04-30 15:59:47,7961107,5513.4229024550705,10.268458049101408
2025-04-30 16:33:49,7936524,5496.398074725579,9.927961494511582
2025-04-30 16:52:41,7965473,5516.446552858478,10.328931057169557
2025-04-30 17:14:09,7941138,5499.5934762284005,9.99186952456801
2025-04-30 17:33:39,7954584,5508.905433013608,10.178108660272155
2025-04-30 17:45:45,7966495,5517.154333598808,10.343086671976161
2025-04-30 17:57:22,7967087,5517.564320094186,10.351286401883717
2025-04-30 18:35:33,7969087,5518.949409605595,10.378988192111901
2025-04-30 18:52:40,7965667,5516.580906541085,10.331618130821699
2025-04-30 19:13:01,7959397,5512.238650922815,10.244773018456307
2025-04-30 19:25:26,7948700,5504.830499671041,10.096609993420826
2025-04-30 19:39:04,7939951,5498.77142560338,9.975428512067593
2025-04-30 19:51:05,7947618,5504.081166245368,10.08162332490736
2025-04-30 20:14:04,7985534,5530.339693202673,10.60679386405345
2025-04-30 20:34:51,8007811,5545.76751272551,10.915350254510194
2025-04-30 20:47:35,7999094,5539.730600090031,10.794612001800614
2025-04-30 20:59:13,8004512,5543.482807576439,10.86965615152878
2025-04-30 21:25:47,8005543,5544.196821219571,10.883936424391413
2025-04-30 21:40:40,7999104,5539.737525537587,10.794750510751747
2025-04-30 21:52:31,7993877,5536.117594099518,10.722351881990361
2025-04-30 22:14:48,8002389,5542.012535060077,10.840250701201548
2025-04-30 22:36:48,7980193,5526.640811662453,10.532816233249068
2025-04-30 22:48:43,7971072,5520.324110945669,10.40648221891339
2025-04-30 23:00:33,7960404,5512.93604349181,10.258720869836198
2025-04-30 23:25:32,7968147,5518.298417535233,10.365968350704662
2025-04-30 23:41:04,7972490,5521.306139409259,10.426122788185184
2025-04-30 23:52:42,7968080,5518.252017036601,10.365040340732012
2025-05-01 01:22:47,7998711,5539.465355448596,10.789307108971915
2025-05-01 03:03:26,8026218,5558.515184043768,11.170303680875367
2025-05-01 03:51:37,8025613,5558.096194466567,11.161923889331337
2025-05-01 04:19:19,8030039,5561.161397555316,11.223227951106328
2025-05-01 04:43:55,8022827,5556.166764777174,11.123335295543475
2025-05-01 04:56:05,8029228,5560.59974375844,11.211994875168802
2025-05-01 05:24:33,8029665,5560.902385816683,11.218047716333658
2025-05-01 05:42:19,8035698,5565.08050832785,11.301610166557003
2025-05-01 05:53:58,8047905,5573.534402160739,11.470688043214777
2025-05-01 06:28:06,8041064,5568.7967034869625,11.37593406973925
2025-05-01 06:51:12,8029735,5560.9508639495825,11.219017278991652
2025-05-01 07:13:29,8045880,5572.131999030437,11.442639980608746
2025-05-01 07:31:32,8049169,5574.40977873195,11.488195574638995
2025-05-01 07:43:18,8047751,5573.427750268361,11.468555005367216
2025-05-01 07:55:12,8049323,5574.516430624329,11.490328612486573
2025-05-01 08:28:24,8048561,5573.988711520482,11.479774230409639
2025-05-01 08:48:58,8048618,5574.028186571557,11.480563731431138
2025-05-01 09:09:01,8057193,5579.966757851726,11.599335157034512
2025-05-01 09:31:31,8066246,5586.236365525122,11.72472731050244
2025-05-01 09:45:19,8071129,5589.618061567228,11.792361231344566
2025-05-01 09:57:08,8095220,5606.302157276914,12.12604314553828
2025-05-01 10:28:33,8140448,5637.624571487932,12.752491429758647
2025-05-01 10:46:44,8134794,5633.708923439177,12.67417846878354
2025-05-01 10:58:48,8134772,5633.693687454552,12.673873749091037
2025-05-01 11:22:01,8132167,5631.88960836594,12.637792167318803
2025-05-01 11:35:29,8125948,5627.582672530212,12.551653450604244
2025-05-01 11:47:28,8132186,5631.902766716298,12.638055334325962
2025-05-01 11:59:15,8143245,5639.561619169638,12.791232383392762
2025-05-01 12:51:43,8152473,5645.952422175283,12.919048443505654
2025-05-01 13:23:20,8166989,5656.005401849094,13.120108036981874
2025-05-01 13:43:16,8145955,5641.438415457598,12.828768309151965
2025-05-01 13:55:17,8134263,5633.341182173897,12.666823643477946
2025-05-01 14:19:51,8149778,5644.086014058658,12.881720281173164
2025-05-01 14:38:27,8166592,5655.730461581079,13.11460923162158
2025-05-01 14:50:14,8170422,5658.3829079954285,13.16765815990857
2025-05-01 15:11:02,8203020,5680.958481941895,13.619169638837903
2025-05-01 15:32:30,8223246,5694.965892170781,13.899317843415629
2025-05-01 15:46:14,8227064,5697.610028048062,13.952200560961245
2025-05-01 15:58:09,8215781,5689.796045569445,13.795920911388892
2025-05-01 16:32:52,8228862,5698.85522351882,13.977104470376398
2025-05-01 16:51:23,8243141,5708.744070085529,14.174881401710573
2025-05-01 17:12:09,8229766,5699.481283977977,13.98962567955954
2025-05-01 17:32:42,8215875,5689.861144776481,13.797222895529613
2025-05-01 17:44:55,8192387,5673.594653554485,13.471893071089708
2025-05-01 17:56:52,8194346,5674.951348730911,13.499026974618229
2025-05-01 18:35:07,8181275,5665.899096229094,13.317981924581874
2025-05-01 18:52:42,8203813,5681.507669933169,13.630153398663388
2025-05-01 19:12:54,8189753,5671.770490667959,13.435409813359184
2025-05-01 19:27:03,8177191,5663.070743446795,13.2614148689359
2025-05-01 19:39:58,8184802,5668.341701582464,13.366834031649285
2025-05-01 19:52:00,8177319,5663.159389175525,13.263187783510494
2025-05-01 20:14:28,8182344,5666.639426572942,13.332788531458844
2025-05-01 20:33:39,8193516,5674.376536583676,13.487530731673521
2025-05-01 20:46:25,8185887,5669.093112642404,13.381862252848078
2025-05-01 20:58:15,8168169,5656.822604660826,13.136452093216523
2025-05-01 21:23:22,8185665,5668.939367706637,13.378787354132745
2025-05-01 21:37:16,8180823,5665.586065999515,13.311721319990303
2025-05-01 21:49:11,8189514,5671.604972471346,13.432099449426914
2025-05-01 22:08:09,8177144,5663.0381938432765,13.26076387686553
2025-05-01 22:33:19,8180679,5665.486339554694,13.30972679109387
2025-05-01 22:46:31,8174181,5660.986183732123,13.219723674642465
2025-05-01 22:58:23,8167409,5656.2962706464905,13.12592541292981
2025-05-01 23:25:04,8163752,5653.763634474877,13.075272689497542
2025-05-01 23:40:14,8155008,5647.708023130995,12.954160462619893
2025-05-01 23:52:03,8164355,5654.1812389625675,13.083624779251348
2025-05-02 01:11:02,8216830,5690.522525018179,13.810450500363586
2025-05-02 02:46:52,8184308,5667.999584473147,13.35999168946293
2025-05-02 03:32:58,8161799,5652.411094566986,13.048221891339725
2025-05-02 03:56:34,8157710,5649.579279060908,12.991585581218168
2025-05-02 04:29:00,8143266,5639.576162609508,12.791523252190162
2025-05-02 04:47:23,8138076,5635.9818553274,12.719637106548
2025-05-02 04:59:22,8133689,5632.943661484123,12.658873229682468
2025-05-02 05:28:09,8124597,5626.647044565255,12.532940891305097
2025-05-02 05:44:28,8123656,5625.995359950136,12.51990719900272
2025-05-02 05:56:10,8125082,5626.982928771771,12.539658575435425
2025-05-02 06:34:13,8115810,5620.561653796876,12.411233075937526
2025-05-02 06:52:23,8110356,5616.784514699262,12.335690293985245
